Workbook

Sheet （重要案件）記録票　
S1: （様式２）
A2: 所 長 | D2: 部 長
S6: 令和 年 月 日
A8: 令和７年度 技術相談（指導）記録票
A10: 記録簿 Ｎｏ． | I10: 対応者所属：
I11: 職・氏名：
A14: 件 名
A15: 相手方名 | C15: （所属） | K15: （職・氏名）
A16: ＴＥＬ | K16: ＦＡＸ
A17: 所在地
A18: 対応方法 | C18: 電話 ・ メール ・ 来所 ・ 現場 ・ ＦＡＸ ・ Web ・ その他（ ）
A19: 相談内容
A20: 対応内容
A21: 備 考

Sheet 記載例 
A2: 令和７年度 技術相談（指導）記録簿 | O2: （様式１）
A3: ※重要なもの、報告が必要と考えられるものについては、技術相談（指導）記録票に必要事項を記入し報告する。 | I3: 研究所名：○○研究所
I4: 部 ・室名：○○部
A6: No. | B6: 月日 | C6: 対応者 | E6: 対応方法 (プルダウンから選ぶ) | F6: 相手方名 | G6: 相手方 | H6: 相談内容 | I6: 対応内容 | J6: 応答 | K6: 記録票 | L6: 対応結果
L7: 解決 | O7: 未解決
C8: 研究所名 | D8: 職・氏名 | F8: （所属・氏名・電話） | G8: 所在地 | J8: 回数 | K8: の有無 | L8: センター | M8: 外部紹介 | N8: その他 | O8: 解決に向けた対応の内容
A9: 1 | B9: 45757 | C9: 工総研 | E9: メール | G9: ○○市 | H9: 収穫時に平置きした生産物の個数をカウントする物体検知を行いたい | J9: 2 | K9: 無 | L9: 1
A10: 2 | B10: 45758 | C10: 農総研 | E10: 来所 | F10: 株式会社○○ ○○氏 | G10: 藤崎町 | H10: 「あおもりっこ」の特性を教えてほしい | I10: 製麺・製パン適性に優れること等を説明。 | J10: 1 | K10: 無 | L10: 1
A11: 3 | B11: 45759 | C11: 農総研 | E11: 電話 | F11: 稲作生産者 ○○氏 | G11: つがる市 | H11: 青森県のイネいもち病菌のレースを教えてほしい。 | I11: 過去のデータを紹介。 | J11: 4 | K11: 無 | L11: 1 | O11: 課題化
A12: 4 | B12: 45760 | C12: りんご研 | E12: メール | F12: トマト生産者 ○○氏 | G12: 十和田市 | H12: 用水に農薬が含まれていないか調べてほしい | I12: 外部機関を紹介 | J12: 1 | K12: 無 | M12: 1
A13: 5 | B13: 45761 | C13: 畜産研 | E13: 現場 | F13: 畜産農家 ○○氏 | G13: 八戸市 | H13: 稲SGSを給与したいと考えており、給与方法を教えてほしい。 | I13: 当部で実施した試験の給与事例資料を提供した。 | J13: 2 | K13: 無 | L13: 1
A14: 6 | B14: 45762 | C14: 水総研 | E14: メール | F14: ○○漁協 ○○氏 | G14: 青森市 | H14: 1月の漁獲状況について、サバ・タコが低調、マダラが好調な要因について | I14: 該当魚種の資源状況、海況との関係等を説明した。 | J14: 1 | K14: 無 | L14: 1
A15: 7 | B15: 45763 | C15: 食総研 | E15: 来所 | F15: ○○株式会社 ○○氏 | G15: ○○市 | H15: マダラ肝臓に含まれる成分と加工特性について | I15: レシピ等情報提供 | J15: 3 | K15: 無 | L15: 1
A16: 8
A17: 9
A18: 10
A19: 11
A20: 12
A21: 13
A22: 14
A23: 15
A24: 16
E25: =COUNTA(E9:E24) -> 7 | J25: =SUM(J9:J24) -> 14
B27: ＜相談件数＞ | I27: ＜応答回数＞
B28: 工総研 | C28: =COUNTIF($C$9:$C$24,B28) -> 1 | D28: 電話 | E28: =COUNTIF($E$9:$E$24,D28) -> 1 | I28: 工総研 | J28: =SUMIF($C$9:$C$24,I28,$J$9:$J$24) -> 2 | K28: 電話 | L28: =SUMIF($E$9:$E$24,K28,$J$9:$J$24) -> 4
B29: 弘工研 | C29: =COUNTIF($C$9:$C$24,B29) -> 0 | D29: メール | E29: =COUNTIF($E$9:$E$24,D29) -> 3 | I29: 弘工研 | J29: =SUMIF($C$9:$C$24,I29,$J$9:$J$24) -> 0 | K29: メール | L29: =SUMIF($E$9:$E$24,K29,$J$9:$J$24) -> 4
B30: 八工研 | C30: =COUNTIF($C$9:$C$24,B30) -> 0 | D30: 来所 | E30: =COUNTIF($E$9:$E$24,D30) -> 2 | I30: 八工研 | J30: =SUMIF($C$9:$C$24,I30,$J$9:$J$24) -> 0 | K30: 来所 | L30: =SUMIF($E$9:$E$24,K30,$J$9:$J$24) -> 4
B31: 農総研 | C31: =COUNTIF($C$9:$C$24,B31) -> 2 | D31: 現場 | E31: =COUNTIF($E$9:$E$24,D31) -> 1 | I31: 農総研 | J31: =SUMIF($C$9:$C$24,I31,$J$9:$J$24) -> 5 | K31: 現場 | L31: =SUMIF($E$9:$E$24,K31,$J$9:$J$24) -> 2
B32: 野菜研 | C32: =COUNTIF($C$9:$C$24,B32) -> 0 | D32: FAX | E32: =COUNTIF($E$9:$E$24,D32) -> 0 | I32: 野菜研 | J32: =SUMIF($C$9:$C$24,I32,$J$9:$J$24) -> 0 | K32: FAX | L32: =SUMIF($E$9:$E$24,K32,$J$9:$J$24) -> 0
B33: りんご研 | C33: =COUNTIF($C$9:$C$24,B33) -> 1 | D33: Web | E33: =COUNTIF($E$9:$E$24,D33) -> 0 | I33: りんご研 | J33: =SUMIF($C$9:$C$24,I33,$J$9:$J$24) -> 1 | K33: Web | L33: =SUMIF($E$9:$E$24,K33,$J$9:$J$24) -> 0
B34: 畜産研 | C34: =COUNTIF($C$9:$C$24,B34) -> 1 | D34: その他 | E34: =COUNTIF($E$9:$E$24,D34) -> 0 | I34: 畜産研 | J34: =SUMIF($C$9:$C$24,I34,$J$9:$J$24) -> 2 | K34: その他 | L34: =SUMIF($E$9:$E$24,K34,$J$9:$J$24) -> 0
B35: 林業研 | C35: =COUNTIF($C$9:$C$24,B35) -> 0 | I35: 林業研 | J35: =SUMIF($C$9:$C$24,I35,$J$9:$J$24) -> 0
B36: 水総研 | C36: =COUNTIF($C$9:$C$24,B36) -> 1 | I36: 水総研 | J36: =SUMIF($C$9:$C$24,I36,$J$9:$J$24) -> 1
B37: 内水研 | C37: =COUNTIF($C$9:$C$24,B37) -> 0 | I37: 内水研 | J37: =SUMIF($C$9:$C$24,I37,$J$9:$J$24) -> 0
B38: 食総研 | C38: =COUNTIF($C$9:$C$24,B38) -> 1 | I38: 食総研 | J38: =SUMIF($C$9:$C$24,I38,$J$9:$J$24) -> 3
B39: 下北研 | C39: =COUNTIF($C$9:$C$24,B39) -> 0 | I39: 下北研 | J39: =SUMIF($C$9:$C$24,I39,$J$9:$J$24) -> 0
B40: 農加研 | C40: =COUNTIF($C$9:$C$24,B40) -> 0 | I40: 農加研 | J40: =SUMIF($C$9:$C$24,I40,$J$9:$J$24) -> 0
B41: 計 | C41: =SUM(C28:C40) -> 7 | D41: 計 | E41: =SUM(E28:E40) -> 7 | I41: 計 | J41: =SUM(J28:J40) -> 14 | K41: 計 | L41: =SUM(L28:L40) -> 14

Sheet ４月
A2: 令和７年度 技術相談（指導）記録簿 | O2: （様式１）
A3: ※重要なもの、報告が必要と考えられるものについては、技術相談（指導）記録票に必要事項を記入し報告する。 | I3: 研究所名：
I4: 部 ・室名：
A6: No. | B6: 月日 | C6: 対応者 | E6: 対応方法 (プルダウンから選ぶ) | F6: 相手方名 | G6: 相手方 | H6: 相談内容 | I6: 対応内容 | J6: 応答 | K6: 記録票 | L6: 対応結果
L7: 解決 | O7: 未解決
C8: 研究所名 | D8: 職・氏名 | F8: （所属・氏名・電話） | G8: 所在地 | J8: 回数 | K8: の有無 | L8: センター | M8: 外部紹介 | N8: その他 | O8: 解決に向けた対応の内容
E24: =SUM(E9:E23) -> 0 | J24: =SUM(J9:J23) -> 0
B26: 相談件数 | I26: 応答回数
B27: 工総研 | C27: =COUNTIF($C$9:$C$23,B27) -> 0 | D27: 電話 | E27: =COUNTIF($E$9:$E$23,D27) -> 0 | I27: 工総研 | J27: =SUMIF($C$9:$C$23,I27,$J$9:$J$23) -> 0 | K27: 電話 | L27: =SUMIF($E$9:$E$23,K27,$J$9:$J$23) -> 0
B28: 弘工研 | C28: =COUNTIF($C$9:$C$23,B28) -> 0 | D28: メール | E28: =COUNTIF($E$9:$E$23,D28) -> 0 | I28: 弘工研 | J28: =SUMIF($C$9:$C$23,I28,$J$9:$J$23) -> 0 | K28: メール | L28: =SUMIF($E$9:$E$23,K28,$J$9:$J$23) -> 0
B29: 八工研 | C29: =COUNTIF($C$9:$C$23,B29) -> 0 | D29: 来所 | E29: =COUNTIF($E$9:$E$23,D29) -> 0 | I29: 八工研 | J29: =SUMIF($C$9:$C$23,I29,$J$9:$J$23) -> 0 | K29: 来所 | L29: =SUMIF($E$9:$E$23,K29,$J$9:$J$23) -> 0
B30: 農総研 | C30: =COUNTIF($C$9:$C$23,B30) -> 0 | D30: 現場 | E30: =COUNTIF($E$9:$E$23,D30) -> 0 | I30: 農総研 | J30: =SUMIF($C$9:$C$23,I30,$J$9:$J$23) -> 0 | K30: 現場 | L30: =SUMIF($E$9:$E$23,K30,$J$9:$J$23) -> 0
B31: 野菜研 | C31: =COUNTIF($C$9:$C$23,B31) -> 0 | D31: FAX | E31: =COUNTIF($E$9:$E$23,D31) -> 0 | I31: 野菜研 | J31: =SUMIF($C$9:$C$23,I31,$J$9:$J$23) -> 0 | K31: FAX | L31: =SUMIF($E$9:$E$23,K31,$J$9:$J$23) -> 0
B32: りんご研 | C32: =COUNTIF($C$9:$C$23,B32) -> 0 | D32: Web | E32: =COUNTIF($E$9:$E$23,D32) -> 0 | I32: りんご研 | J32: =SUMIF($C$9:$C$23,I32,$J$9:$J$23) -> 0 | K32: Web | L32: =SUMIF($E$9:$E$23,K32,$J$9:$J$23) -> 0
B33: 畜産研 | C33: =COUNTIF($C$9:$C$23,B33) -> 0 | D33: その他 | E33: =COUNTIF($E$9:$E$23,D33) -> 0 | I33: 畜産研 | J33: =SUMIF($C$9:$C$23,I33,$J$9:$J$23) -> 0 | K33: その他 | L33: =SUMIF($E$9:$E$23,K33,$J$9:$J$23) -> 0
B34: 林業研 | C34: =COUNTIF($C$9:$C$23,B34) -> 0 | I34: 林業研 | J34: =SUMIF($C$9:$C$23,I34,$J$9:$J$23) -> 0
B35: 水総研 | C35: =COUNTIF($C$9:$C$23,B35) -> 0 | I35: 水総研 | J35: =SUMIF($C$9:$C$23,I35,$J$9:$J$23) -> 0
B36: 内水研 | C36: =COUNTIF($C$9:$C$23,B36) -> 0 | I36: 内水研 | J36: =SUMIF($C$9:$C$23,I36,$J$9:$J$23) -> 0
B37: 食総研 | C37: =COUNTIF($C$9:$C$23,B37) -> 0 | I37: 食総研 | J37: =SUMIF($C$9:$C$23,I37,$J$9:$J$23) -> 0
B38: 下北研 | C38: =COUNTIF($C$9:$C$23,B38) -> 0 | I38: 下北研 | J38: =SUMIF($C$9:$C$23,I38,$J$9:$J$23) -> 0
B39: 農加研 | C39: =COUNTIF($C$9:$C$23,B39) -> 0 | I39: 農加研 | J39: =SUMIF($C$9:$C$23,I39,$J$9:$J$23) -> 0
B40: 計 | C40: =SUM(C27:C39) -> 0 | D40: 計 | E40: =SUM(E27:E39) -> 0 | I40: 計 | J40: =SUM(J27:J39) -> 0 | K40: 計 | L40: =SUM(L27:L39) -> 0

Sheet ５月
A2: 令和７年度 技術相談（指導）記録簿 | O2: （様式１）
A3: ※重要なもの、報告が必要と考えられるものについては、技術相談（指導）記録票に必要事項を記入し報告する。 | I3: 研究所名：
I4: 部 ・室名：
A6: No. | B6: 月日 | C6: 対応者 | E6: 対応方法 (プルダウンから選ぶ) | F6: 相手方名 | G6: 相手方 | H6: 相談内容 | I6: 対応内容 | J6: 応答 | K6: 記録票 | L6: 対応結果
L7: 解決 | O7: 未解決
C8: 研究所名 | D8: 職・氏名 | F8: （所属・氏名・電話） | G8: 所在地 | J8: 回数 | K8: の有無 | L8: センター | M8: 外部紹介 | N8: その他 | O8: 解決に向けた対応の内容
E21: =SUM(E9:E20) -> 0 | J21: =SUM(J9:J20) -> 0
B23: 相談件数 | I23: 応答回数
B24: 工総研 | C24: =COUNTIF($C$9:$C$20,B24) -> 0 | D24: 電話 | E24: =COUNTIF($E$9:$E$20,D24) -> 0 | I24: 工総研 | J24: =SUMIF($C$9:$C$20,I24,$J$9:$J$20) -> 0 | K24: 電話 | L24: =SUMIF($E$9:$E$20,K24,$J$9:$J$20) -> 0
B25: 弘工研 | C25: =COUNTIF($C$9:$C$20,B25) -> 0 | D25: メール | E25: =COUNTIF($E$9:$E$20,D25) -> 0 | I25: 弘工研 | J25: =SUMIF($C$9:$C$20,I25,$J$9:$J$20) -> 0 | K25: メール | L25: =SUMIF($E$9:$E$20,K25,$J$9:$J$20) -> 0
B26: 八工研 | C26: =COUNTIF($C$9:$C$20,B26) -> 0 | D26: 来所 | E26: =COUNTIF($E$9:$E$20,D26) -> 0 | I26: 八工研 | J26: =SUMIF($C$9:$C$20,I26,$J$9:$J$20) -> 0 | K26: 来所 | L26: =SUMIF($E$9:$E$20,K26,$J$9:$J$20) -> 0
B27: 農総研 | C27: =COUNTIF($C$9:$C$20,B27) -> 0 | D27: 現場 | E27: =COUNTIF($E$9:$E$20,D27) -> 0 | I27: 農総研 | J27: =SUMIF($C$9:$C$20,I27,$J$9:$J$20) -> 0 | K27: 現場 | L27: =SUMIF($E$9:$E$20,K27,$J$9:$J$20) -> 0
B28: 野菜研 | C28: =COUNTIF($C$9:$C$20,B28) -> 0 | D28: FAX | E28: =COUNTIF($E$9:$E$20,D28) -> 0 | I28: 野菜研 | J28: =SUMIF($C$9:$C$20,I28,$J$9:$J$20) -> 0 | K28: FAX | L28: =SUMIF($E$9:$E$20,K28,$J$9:$J$20) -> 0
B29: りんご研 | C29: =COUNTIF($C$9:$C$20,B29) -> 0 | D29: Web | E29: =COUNTIF($E$9:$E$20,D29) -> 0 | I29: りんご研 | J29: =SUMIF($C$9:$C$20,I29,$J$9:$J$20) -> 0 | K29: Web | L29: =SUMIF($E$9:$E$20,K29,$J$9:$J$20) -> 0
B30: 畜産研 | C30: =COUNTIF($C$9:$C$20,B30) -> 0 | D30: その他 | E30: =COUNTIF($E$9:$E$20,D30) -> 0 | I30: 畜産研 | J30: =SUMIF($C$9:$C$20,I30,$J$9:$J$20) -> 0 | K30: その他 | L30: =SUMIF($E$9:$E$20,K30,$J$9:$J$20) -> 0
B31: 林業研 | C31: =COUNTIF($C$9:$C$20,B31) -> 0 | I31: 林業研 | J31: =SUMIF($C$9:$C$20,I31,$J$9:$J$20) -> 0
B32: 水総研 | C32: =COUNTIF($C$9:$C$20,B32) -> 0 | I32: 水総研 | J32: =SUMIF($C$9:$C$20,I32,$J$9:$J$20) -> 0
B33: 内水研 | C33: =COUNTIF($C$9:$C$20,B33) -> 0 | I33: 内水研 | J33: =SUMIF($C$9:$C$20,I33,$J$9:$J$20) -> 0
B34: 食総研 | C34: =COUNTIF($C$9:$C$20,B34) -> 0 | I34: 食総研 | J34: =SUMIF($C$9:$C$20,I34,$J$9:$J$20) -> 0
B35: 下北研 | C35: =COUNTIF($C$9:$C$20,B35) -> 0 | I35: 下北研 | J35: =SUMIF($C$9:$C$20,I35,$J$9:$J$20) -> 0
B36: 農加研 | C36: =COUNTIF($C$9:$C$20,B36) -> 0 | I36: 農加研 | J36: =SUMIF($C$9:$C$20,I36,$J$9:$J$20) -> 0
B37: 計 | C37: =SUM(C24:C36) -> 0 | D37: 計 | E37: =SUM(E24:E36) -> 0 | I37: 計 | J37: =SUM(J24:J36) -> 0 | K37: 計 | L37: =SUM(L24:L36) -> 0

Sheet ６月
A2: 令和７年度 技術相談（指導）記録簿 | O2: （様式１）
A3: ※重要なもの、報告が必要と考えられるものについては、技術相談（指導）記録票に必要事項を記入し報告する。 | I3: 研究所名：
I4: 部 ・室名：
A6: No. | B6: 月日 | C6: 対応者 | E6: 対応方法 (プルダウンから選ぶ) | F6: 相手方名 | G6: 相手方 | H6: 相談内容 | I6: 対応内容 | J6: 応答 | K6: 記録票 | L6: 対応結果
L7: 解決 | O7: 未解決
C8: 研究所名 | D8: 職・氏名 | F8: （所属・氏名・電話） | G8: 所在地 | J8: 回数 | K8: の有無 | L8: センター | M8: 外部紹介 | N8: その他 | O8: 解決に向けた対応の内容
E22: =SUM(E9:E21) -> 0 | J22: =SUM(J9:J21) -> 0
B24: 相談件数 | I24: 応答回数
B25: 工総研 | C25: =COUNTIF($C$9:$C$21,B25) -> 0 | D25: 電話 | E25: =COUNTIF($E$9:$E$21,D25) -> 0 | I25: 工総研 | J25: =SUMIF($C$9:$C$21,I25,$J$9:$J$21) -> 0 | K25: 電話 | L25: =SUMIF($E$9:$E$21,K25,$J$9:$J$21) -> 0
B26: 弘工研 | C26: =COUNTIF($C$9:$C$21,B26) -> 0 | D26: メール | E26: =COUNTIF($E$9:$E$21,D26) -> 0 | I26: 弘工研 | J26: =SUMIF($C$9:$C$21,I26,$J$9:$J$21) -> 0 | K26: メール | L26: =SUMIF($E$9:$E$21,K26,$J$9:$J$21) -> 0
B27: 八工研 | C27: =COUNTIF($C$9:$C$21,B27) -> 0 | D27: 来所 | E27: =COUNTIF($E$9:$E$21,D27) -> 0 | I27: 八工研 | J27: =SUMIF($C$9:$C$21,I27,$J$9:$J$21) -> 0 | K27: 来所 | L27: =SUMIF($E$9:$E$21,K27,$J$9:$J$21) -> 0
B28: 農総研 | C28: =COUNTIF($C$9:$C$21,B28) -> 0 | D28: 現場 | E28: =COUNTIF($E$9:$E$21,D28) -> 0 | I28: 農総研 | J28: =SUMIF($C$9:$C$21,I28,$J$9:$J$21) -> 0 | K28: 現場 | L28: =SUMIF($E$9:$E$21,K28,$J$9:$J$21) -> 0
B29: 野菜研 | C29: =COUNTIF($C$9:$C$21,B29) -> 0 | D29: FAX | E29: =COUNTIF($E$9:$E$21,D29) -> 0 | I29: 野菜研 | J29: =SUMIF($C$9:$C$21,I29,$J$9:$J$21) -> 0 | K29: FAX | L29: =SUMIF($E$9:$E$21,K29,$J$9:$J$21) -> 0
B30: りんご研 | C30: =COUNTIF($C$9:$C$21,B30) -> 0 | D30: Web | E30: =COUNTIF($E$9:$E$21,D30) -> 0 | I30: りんご研 | J30: =SUMIF($C$9:$C$21,I30,$J$9:$J$21) -> 0 | K30: Web | L30: =SUMIF($E$9:$E$21,K30,$J$9:$J$21) -> 0
B31: 畜産研 | C31: =COUNTIF($C$9:$C$21,B31) -> 0 | D31: その他 | E31: =COUNTIF($E$9:$E$21,D31) -> 0 | I31: 畜産研 | J31: =SUMIF($C$9:$C$21,I31,$J$9:$J$21) -> 0 | K31: その他 | L31: =SUMIF($E$9:$E$21,K31,$J$9:$J$21) -> 0
B32: 林業研 | C32: =COUNTIF($C$9:$C$21,B32) -> 0 | I32: 林業研 | J32: =SUMIF($C$9:$C$21,I32,$J$9:$J$21) -> 0
B33: 水総研 | C33: =COUNTIF($C$9:$C$21,B33) -> 0 | I33: 水総研 | J33: =SUMIF($C$9:$C$21,I33,$J$9:$J$21) -> 0
B34: 内水研 | C34: =COUNTIF($C$9:$C$21,B34) -> 0 | I34: 内水研 | J34: =SUMIF($C$9:$C$21,I34,$J$9:$J$21) -> 0
B35: 食総研 | C35: =COUNTIF($C$9:$C$21,B35) -> 0 | I35: 食総研 | J35: =SUMIF($C$9:$C$21,I35,$J$9:$J$21) -> 0
B36: 下北研 | C36: =COUNTIF($C$9:$C$21,B36) -> 0 | I36: 下北研 | J36: =SUMIF($C$9:$C$21,I36,$J$9:$J$21) -> 0
B37: 農加研 | C37: =COUNTIF($C$9:$C$21,B37) -> 0 | I37: 農加研 | J37: =SUMIF($C$9:$C$21,I37,$J$9:$J$21) -> 0
B38: 計 | C38: =SUM(C25:C37) -> 0 | D38: 計 | E38: =SUM(E25:E37) -> 0 | I38: 計 | J38: =SUM(J25:J37) -> 0 | K38: 計 | L38: =SUM(L25:L37) -> 0

Sheet ７月
A2: 令和７年度 技術相談（指導）記録簿 | O2: （様式１）
A3: ※重要なもの、報告が必要と考えられるものについては、技術相談（指導）記録票に必要事項を記入し報告する。 | I3: 研究所名：
I4: 部 ・室名：
A6: No. | B6: 月日 | C6: 対応者 | E6: 対応方法 (プルダウンから選ぶ) | F6: 相手方名 | G6: 相手方 | H6: 相談内容 | I6: 対応内容 | J6: 応答 | K6: 記録票 | L6: 対応結果
L7: 解決 | O7: 未解決
C8: 研究所名 | D8: 職・氏名 | F8: （所属・氏名・電話） | G8: 所在地 | J8: 回数 | K8: の有無 | L8: センター | M8: 外部紹介 | N8: その他 | O8: 解決に向けた対応の内容
E25: =SUM(E9:E24) -> 0 | J25: =SUM(J9:J24) -> 0
B27: 相談件数 | I27: 応答回数
B28: 工総研 | C28: =COUNTIF($C$9:$C$24,B28) -> 0 | D28: 電話 | E28: =COUNTIF($E$9:$E$24,D28) -> 0 | I28: 工総研 | J28: =SUMIF($C$9:$C$24,I28,$J$9:$J$24) -> 0 | K28: 電話 | L28: =SUMIF($E$9:$E$24,K28,$J$9:$J$24) -> 0
B29: 弘工研 | C29: =COUNTIF($C$9:$C$24,B29) -> 0 | D29: メール | E29: =COUNTIF($E$9:$E$24,D29) -> 0 | I29: 弘工研 | J29: =SUMIF($C$9:$C$24,I29,$J$9:$J$24) -> 0 | K29: メール | L29: =SUMIF($E$9:$E$24,K29,$J$9:$J$24) -> 0
B30: 八工研 | C30: =COUNTIF($C$9:$C$24,B30) -> 0 | D30: 来所 | E30: =COUNTIF($E$9:$E$24,D30) -> 0 | I30: 八工研 | J30: =SUMIF($C$9:$C$24,I30,$J$9:$J$24) -> 0 | K30: 来所 | L30: =SUMIF($E$9:$E$24,K30,$J$9:$J$24) -> 0
B31: 農総研 | C31: =COUNTIF($C$9:$C$24,B31) -> 0 | D31: 現場 | E31: =COUNTIF($E$9:$E$24,D31) -> 0 | I31: 農総研 | J31: =SUMIF($C$9:$C$24,I31,$J$9:$J$24) -> 0 | K31: 現場 | L31: =SUMIF($E$9:$E$24,K31,$J$9:$J$24) -> 0
B32: 野菜研 | C32: =COUNTIF($C$9:$C$24,B32) -> 0 | D32: FAX | E32: =COUNTIF($E$9:$E$24,D32) -> 0 | I32: 野菜研 | J32: =SUMIF($C$9:$C$24,I32,$J$9:$J$24) -> 0 | K32: FAX | L32: =SUMIF($E$9:$E$24,K32,$J$9:$J$24) -> 0
B33: りんご研 | C33: =COUNTIF($C$9:$C$24,B33) -> 0 | D33: Web | E33: =COUNTIF($E$9:$E$24,D33) -> 0 | I33: りんご研 | J33: =SUMIF($C$9:$C$24,I33,$J$9:$J$24) -> 0 | K33: Web | L33: =SUMIF($E$9:$E$24,K33,$J$9:$J$24) -> 0
B34: 畜産研 | C34: =COUNTIF($C$9:$C$24,B34) -> 0 | D34: その他 | E34: =COUNTIF($E$9:$E$24,D34) -> 0 | I34: 畜産研 | J34: =SUMIF($C$9:$C$24,I34,$J$9:$J$24) -> 0 | K34: その他 | L34: =SUMIF($E$9:$E$24,K34,$J$9:$J$24) -> 0
B35: 林業研 | C35: =COUNTIF($C$9:$C$24,B35) -> 0 | I35: 林業研 | J35: =SUMIF($C$9:$C$24,I35,$J$9:$J$24) -> 0
B36: 水総研 | C36: =COUNTIF($C$9:$C$24,B36) -> 0 | I36: 水総研 | J36: =SUMIF($C$9:$C$24,I36,$J$9:$J$24) -> 0
B37: 内水研 | C37: =COUNTIF($C$9:$C$24,B37) -> 0 | I37: 内水研 | J37: =SUMIF($C$9:$C$24,I37,$J$9:$J$24) -> 0
B38: 食総研 | C38: =COUNTIF($C$9:$C$24,B38) -> 0 | I38: 食総研 | J38: =SUMIF($C$9:$C$24,I38,$J$9:$J$24) -> 0
B39: 下北研 | C39: =COUNTIF($C$9:$C$24,B39) -> 0 | I39: 下北研 | J39: =SUMIF($C$9:$C$24,I39,$J$9:$J$24) -> 0
B40: 農加研 | C40: =COUNTIF($C$9:$C$24,B40) -> 0 | I40: 農加研 | J40: =SUMIF($C$9:$C$24,I40,$J$9:$J$24) -> 0
B41: 計 | C41: =SUM(C28:C40) -> 0 | D41: 計 | E41: =SUM(E28:E40) -> 0 | I41: 計 | J41: =SUM(J28:J40) -> 0 | K41: 計 | L41: =SUM(L28:L40) -> 0

Sheet ８月
A2: 令和７年度 技術相談（指導）記録簿 | O2: （様式１）
A3: ※重要なもの、報告が必要と考えられるものについては、技術相談（指導）記録票に必要事項を記入し報告する。 | I3: 研究所名：
I4: 部 ・室名：
A6: No. | B6: 月日 | C6: 対応者 | E6: 対応方法 (プルダウンから選ぶ) | F6: 相手方名 | G6: 相手方 | H6: 相談内容 | I6: 対応内容 | J6: 応答 | K6: 記録票 | L6: 対応結果
L7: 解決 | O7: 未解決
C8: 研究所名 | D8: 職・氏名 | F8: （所属・氏名・電話） | G8: 所在地 | J8: 回数 | K8: の有無 | L8: センター | M8: 外部紹介 | N8: その他 | O8: 解決に向けた対応の内容
E25: =SUM(E9:E24) -> 0 | J25: =SUM(J9:J24) -> 0
B27: 相談件数 | I27: 応答回数
B28: 工総研 | C28: =COUNTIF($C$9:$C$24,B28) -> 0 | D28: 電話 | E28: =COUNTIF($E$9:$E$24,D28) -> 0 | I28: 工総研 | J28: =SUMIF($C$9:$C$24,I28,$J$9:$J$24) -> 0 | K28: 電話 | L28: =SUMIF($E$9:$E$24,K28,$J$9:$J$24) -> 0
B29: 弘工研 | C29: =COUNTIF($C$9:$C$24,B29) -> 0 | D29: メール | E29: =COUNTIF($E$9:$E$24,D29) -> 0 | I29: 弘工研 | J29: =SUMIF($C$9:$C$24,I29,$J$9:$J$24) -> 0 | K29: メール | L29: =SUMIF($E$9:$E$24,K29,$J$9:$J$24) -> 0
B30: 八工研 | C30: =COUNTIF($C$9:$C$24,B30) -> 0 | D30: 来所 | E30: =COUNTIF($E$9:$E$24,D30) -> 0 | I30: 八工研 | J30: =SUMIF($C$9:$C$24,I30,$J$9:$J$24) -> 0 | K30: 来所 | L30: =SUMIF($E$9:$E$24,K30,$J$9:$J$24) -> 0
B31: 農総研 | C31: =COUNTIF($C$9:$C$24,B31) -> 0 | D31: 現場 | E31: =COUNTIF($E$9:$E$24,D31) -> 0 | I31: 農総研 | J31: =SUMIF($C$9:$C$24,I31,$J$9:$J$24) -> 0 | K31: 現場 | L31: =SUMIF($E$9:$E$24,K31,$J$9:$J$24) -> 0
B32: 野菜研 | C32: =COUNTIF($C$9:$C$24,B32) -> 0 | D32: FAX | E32: =COUNTIF($E$9:$E$24,D32) -> 0 | I32: 野菜研 | J32: =SUMIF($C$9:$C$24,I32,$J$9:$J$24) -> 0 | K32: FAX | L32: =SUMIF($E$9:$E$24,K32,$J$9:$J$24) -> 0
B33: りんご研 | C33: =COUNTIF($C$9:$C$24,B33) -> 0 | D33: Web | E33: =COUNTIF($E$9:$E$24,D33) -> 0 | I33: りんご研 | J33: =SUMIF($C$9:$C$24,I33,$J$9:$J$24) -> 0 | K33: Web | L33: =SUMIF($E$9:$E$24,K33,$J$9:$J$24) -> 0
B34: 畜産研 | C34: =COUNTIF($C$9:$C$24,B34) -> 0 | D34: その他 | E34: =COUNTIF($E$9:$E$24,D34) -> 0 | I34: 畜産研 | J34: =SUMIF($C$9:$C$24,I34,$J$9:$J$24) -> 0 | K34: その他 | L34: =SUMIF($E$9:$E$24,K34,$J$9:$J$24) -> 0
B35: 林業研 | C35: =COUNTIF($C$9:$C$24,B35) -> 0 | I35: 林業研 | J35: =SUMIF($C$9:$C$24,I35,$J$9:$J$24) -> 0
B36: 水総研 | C36: =COUNTIF($C$9:$C$24,B36) -> 0 | I36: 水総研 | J36: =SUMIF($C$9:$C$24,I36,$J$9:$J$24) -> 0
B37: 内水研 | C37: =COUNTIF($C$9:$C$24,B37) -> 0 | I37: 内水研 | J37: =SUMIF($C$9:$C$24,I37,$J$9:$J$24) -> 0
B38: 食総研 | C38: =COUNTIF($C$9:$C$24,B38) -> 0 | I38: 食総研 | J38: =SUMIF($C$9:$C$24,I38,$J$9:$J$24) -> 0
B39: 下北研 | C39: =COUNTIF($C$9:$C$24,B39) -> 0 | I39: 下北研 | J39: =SUMIF($C$9:$C$24,I39,$J$9:$J$24) -> 0
B40: 農加研 | C40: =COUNTIF($C$9:$C$24,B40) -> 0 | I40: 農加研 | J40: =SUMIF($C$9:$C$24,I40,$J$9:$J$24) -> 0
B41: 計 | C41: =SUM(C28:C40) -> 0 | D41: 計 | E41: =SUM(E28:E40) -> 0 | I41: 計 | J41: =SUM(J28:J40) -> 0 | K41: 計 | L41: =SUM(L28:L40) -> 0

Sheet ９月
A2: 令和７年度 技術相談（指導）記録簿 | O2: （様式１）
A3: ※重要なもの、報告が必要と考えられるものについては、技術相談（指導）記録票に必要事項を記入し報告する。 | I3: 研究所名：
I4: 部 ・室名：
A6: No. | B6: 月日 | C6: 対応者 | E6: 対応方法 (プルダウンから選ぶ) | F6: 相手方名 | G6: 相手方 | H6: 相談内容 | I6: 対応内容 | J6: 応答 | K6: 記録票 | L6: 対応結果
L7: 解決 | O7: 未解決
C8: 研究所名 | D8: 職・氏名 | F8: （所属・氏名・電話） | G8: 所在地 | J8: 回数 | K8: の有無 | L8: センター | M8: 外部紹介 | N8: その他 | O8: 解決に向けた対応の内容
E25: =SUM(E9:E24) -> 0 | J25: =SUM(J9:J24) -> 8
B27: 相談件数 | I27: 応答回数
B28: 工総研 | C28: =COUNTIF($C$9:$C$24,B28) -> 0 | D28: 電話 | E28: =COUNTIF($E$9:$E$24,D28) -> 3 | I28: 工総研 | J28: =SUMIF($C$9:$C$24,I28,$J$9:$J$24) -> 0 | K28: 電話 | L28: =SUMIF($E$9:$E$24,K28,$J$9:$J$24) -> 3
B29: 弘工研 | C29: =COUNTIF($C$9:$C$24,B29) -> 0 | D29: メール | E29: =COUNTIF($E$9:$E$24,D29) -> 2 | I29: 弘工研 | J29: =SUMIF($C$9:$C$24,I29,$J$9:$J$24) -> 0 | K29: メール | L29: =SUMIF($E$9:$E$24,K29,$J$9:$J$24) -> 2
B30: 八工研 | C30: =COUNTIF($C$9:$C$24,B30) -> 0 | D30: 来所 | E30: =COUNTIF($E$9:$E$24,D30) -> 2 | I30: 八工研 | J30: =SUMIF($C$9:$C$24,I30,$J$9:$J$24) -> 0 | K30: 来所 | L30: =SUMIF($E$9:$E$24,K30,$J$9:$J$24) -> 2
B31: 農総研 | C31: =COUNTIF($C$9:$C$24,B31) -> 0 | D31: 現場 | E31: =COUNTIF($E$9:$E$24,D31) -> 1 | I31: 農総研 | J31: =SUMIF($C$9:$C$24,I31,$J$9:$J$24) -> 0 | K31: 現場 | L31: =SUMIF($E$9:$E$24,K31,$J$9:$J$24) -> 1
B32: 野菜研 | C32: =COUNTIF($C$9:$C$24,B32) -> 0 | D32: FAX | E32: =COUNTIF($E$9:$E$24,D32) -> 0 | I32: 野菜研 | J32: =SUMIF($C$9:$C$24,I32,$J$9:$J$24) -> 0 | K32: FAX | L32: =SUMIF($E$9:$E$24,K32,$J$9:$J$24) -> 0
B33: りんご研 | C33: =COUNTIF($C$9:$C$24,B33) -> 0 | D33: Web | E33: =COUNTIF($E$9:$E$24,D33) -> 0 | I33: りんご研 | J33: =SUMIF($C$9:$C$24,I33,$J$9:$J$24) -> 0 | K33: Web | L33: =SUMIF($E$9:$E$24,K33,$J$9:$J$24) -> 0
B34: 畜産研 | C34: =COUNTIF($C$9:$C$24,B34) -> 0 | D34: その他 | E34: =COUNTIF($E$9:$E$24,D34) -> 0 | I34: 畜産研 | J34: =SUMIF($C$9:$C$24,I34,$J$9:$J$24) -> 0 | K34: その他 | L34: =SUMIF($E$9:$E$24,K34,$J$9:$J$24) -> 0
B35: 林業研 | C35: =COUNTIF($C$9:$C$24,B35) -> 0 | I35: 林業研 | J35: =SUMIF($C$9:$C$24,I35,$J$9:$J$24) -> 0
B36: 水総研 | C36: =COUNTIF($C$9:$C$24,B36) -> 0 | I36: 水総研 | J36: =SUMIF($C$9:$C$24,I36,$J$9:$J$24) -> 0
B37: 内水研 | C37: =COUNTIF($C$9:$C$24,B37) -> 0 | I37: 内水研 | J37: =SUMIF($C$9:$C$24,I37,$J$9:$J$24) -> 0
B38: 食総研 | C38: =COUNTIF($C$9:$C$24,B38) -> 0 | I38: 食総研 | J38: =SUMIF($C$9:$C$24,I38,$J$9:$J$24) -> 0
B39: 下北研 | C39: =COUNTIF($C$9:$C$24,B39) -> 8 | I39: 下北研 | J39: =SUMIF($C$9:$C$24,I39,$J$9:$J$24) -> 8
B40: 農加研 | C40: =COUNTIF($C$9:$C$24,B40) -> 0 | I40: 農加研 | J40: =SUMIF($C$9:$C$24,I40,$J$9:$J$24) -> 0
B41: 計 | C41: =SUM(C28:C40) -> 8 | D41: 計 | E41: =SUM(E28:E40) -> 8 | I41: 計 | J41: =SUM(J28:J40) -> 8 | K41: 計 | L41: =SUM(L28:L40) -> 8

Sheet 10月
A2: 令和７年度 技術相談（指導）記録簿 | O2: （様式１）
A3: ※重要なもの、報告が必要と考えられるものについては、技術相談（指導）記録票に必要事項を記入し報告する。 | I3: 研究所名：
I4: 部 ・室名：
A6: No. | B6: 月日 | C6: 対応者 | E6: 対応方法 (プルダウンから選ぶ) | F6: 相手方名 | G6: 相手方 | H6: 相談内容 | I6: 対応内容 | J6: 応答 | K6: 記録票 | L6: 対応結果
L7: 解決 | O7: 未解決
C8: 研究所名 | D8: 職・氏名 | F8: （所属・氏名・電話） | G8: 所在地 | J8: 回数 | K8: の有無 | L8: センター | M8: 外部紹介 | N8: その他 | O8: 解決に向けた対応の内容
E25: =SUM(E9:E24) -> 0 | J25: =SUM(J9:J24) -> 0
B27: 相談件数 | I27: 応答回数
B28: 工総研 | C28: =COUNTIF($C$9:$C$24,B28) -> 0 | D28: 電話 | E28: =COUNTIF($E$9:$E$24,D28) -> 0 | I28: 工総研 | J28: =SUMIF($C$9:$C$24,I28,$J$9:$J$24) -> 0 | K28: 電話 | L28: =SUMIF($E$9:$E$24,K28,$J$9:$J$24) -> 0
B29: 弘工研 | C29: =COUNTIF($C$9:$C$24,B29) -> 0 | D29: メール | E29: =COUNTIF($E$9:$E$24,D29) -> 0 | I29: 弘工研 | J29: =SUMIF($C$9:$C$24,I29,$J$9:$J$24) -> 0 | K29: メール | L29: =SUMIF($E$9:$E$24,K29,$J$9:$J$24) -> 0
B30: 八工研 | C30: =COUNTIF($C$9:$C$24,B30) -> 0 | D30: 来所 | E30: =COUNTIF($E$9:$E$24,D30) -> 0 | I30: 八工研 | J30: =SUMIF($C$9:$C$24,I30,$J$9:$J$24) -> 0 | K30: 来所 | L30: =SUMIF($E$9:$E$24,K30,$J$9:$J$24) -> 0
B31: 農総研 | C31: =COUNTIF($C$9:$C$24,B31) -> 0 | D31: 現場 | E31: =COUNTIF($E$9:$E$24,D31) -> 0 | I31: 農総研 | J31: =SUMIF($C$9:$C$24,I31,$J$9:$J$24) -> 0 | K31: 現場 | L31: =SUMIF($E$9:$E$24,K31,$J$9:$J$24) -> 0
B32: 野菜研 | C32: =COUNTIF($C$9:$C$24,B32) -> 0 | D32: FAX | E32: =COUNTIF($E$9:$E$24,D32) -> 0 | I32: 野菜研 | J32: =SUMIF($C$9:$C$24,I32,$J$9:$J$24) -> 0 | K32: FAX | L32: =SUMIF($E$9:$E$24,K32,$J$9:$J$24) -> 0
B33: りんご研 | C33: =COUNTIF($C$9:$C$24,B33) -> 0 | D33: Web | E33: =COUNTIF($E$9:$E$24,D33) -> 0 | I33: りんご研 | J33: =SUMIF($C$9:$C$24,I33,$J$9:$J$24) -> 0 | K33: Web | L33: =SUMIF($E$9:$E$24,K33,$J$9:$J$24) -> 0
B34: 畜産研 | C34: =COUNTIF($C$9:$C$24,B34) -> 0 | D34: その他 | E34: =COUNTIF($E$9:$E$24,D34) -> 0 | I34: 畜産研 | J34: =SUMIF($C$9:$C$24,I34,$J$9:$J$24) -> 0 | K34: その他 | L34: =SUMIF($E$9:$E$24,K34,$J$9:$J$24) -> 0
B35: 林業研 | C35: =COUNTIF($C$9:$C$24,B35) -> 0 | I35: 林業研 | J35: =SUMIF($C$9:$C$24,I35,$J$9:$J$24) -> 0
B36: 水総研 | C36: =COUNTIF($C$9:$C$24,B36) -> 0 | I36: 水総研 | J36: =SUMIF($C$9:$C$24,I36,$J$9:$J$24) -> 0
B37: 内水研 | C37: =COUNTIF($C$9:$C$24,B37) -> 0 | I37: 内水研 | J37: =SUMIF($C$9:$C$24,I37,$J$9:$J$24) -> 0
B38: 食総研 | C38: =COUNTIF($C$9:$C$24,B38) -> 0 | I38: 食総研 | J38: =SUMIF($C$9:$C$24,I38,$J$9:$J$24) -> 0
B39: 下北研 | C39: =COUNTIF($C$9:$C$24,B39) -> 0 | I39: 下北研 | J39: =SUMIF($C$9:$C$24,I39,$J$9:$J$24) -> 0
B40: 農加研 | C40: =COUNTIF($C$9:$C$24,B40) -> 0 | I40: 農加研 | J40: =SUMIF($C$9:$C$24,I40,$J$9:$J$24) -> 0
B41: 計 | C41: =SUM(C28:C40) -> 0 | D41: 計 | E41: =SUM(E28:E40) -> 0 | I41: 計 | J41: =SUM(J28:J40) -> 0 | K41: 計 | L41: =SUM(L28:L40) -> 0

Sheet 11月
A2: 令和７年度 技術相談（指導）記録簿 | O2: （様式１）
A3: ※重要なもの、報告が必要と考えられるものについては、技術相談（指導）記録票に必要事項を記入し報告する。 | I3: 研究所名：
I4: 部 ・室名：
A6: No. | B6: 月日 | C6: 対応者 | E6: 対応方法 (プルダウンから選ぶ) | F6: 相手方名 | G6: 相手方 | H6: 相談内容 | I6: 対応内容 | J6: 応答 | K6: 記録票 | L6: 対応結果
L7: 解決 | O7: 未解決
C8: 研究所名 | D8: 職・氏名 | F8: （所属・氏名・電話） | G8: 所在地 | J8: 回数 | K8: の有無 | L8: センター | M8: 外部紹介 | N8: その他 | O8: 解決に向けた対応の内容
E25: =SUM(E9:E24) -> 0 | J25: =SUM(J9:J24) -> 0
B27: 相談件数 | I27: 応答回数
B28: 工総研 | C28: =COUNTIF($C$9:$C$24,B28) -> 0 | D28: 電話 | E28: =COUNTIF($E$9:$E$24,D28) -> 0 | I28: 工総研 | J28: =SUMIF($C$9:$C$24,I28,$J$9:$J$24) -> 0 | K28: 電話 | L28: =SUMIF($E$9:$E$24,K28,$J$9:$J$24) -> 0
B29: 弘工研 | C29: =COUNTIF($C$9:$C$24,B29) -> 0 | D29: メール | E29: =COUNTIF($E$9:$E$24,D29) -> 0 | I29: 弘工研 | J29: =SUMIF($C$9:$C$24,I29,$J$9:$J$24) -> 0 | K29: メール | L29: =SUMIF($E$9:$E$24,K29,$J$9:$J$24) -> 0
B30: 八工研 | C30: =COUNTIF($C$9:$C$24,B30) -> 0 | D30: 来所 | E30: =COUNTIF($E$9:$E$24,D30) -> 0 | I30: 八工研 | J30: =SUMIF($C$9:$C$24,I30,$J$9:$J$24) -> 0 | K30: 来所 | L30: =SUMIF($E$9:$E$24,K30,$J$9:$J$24) -> 0
B31: 農総研 | C31: =COUNTIF($C$9:$C$24,B31) -> 0 | D31: 現場 | E31: =COUNTIF($E$9:$E$24,D31) -> 0 | I31: 農総研 | J31: =SUMIF($C$9:$C$24,I31,$J$9:$J$24) -> 0 | K31: 現場 | L31: =SUMIF($E$9:$E$24,K31,$J$9:$J$24) -> 0
B32: 野菜研 | C32: =COUNTIF($C$9:$C$24,B32) -> 0 | D32: FAX | E32: =COUNTIF($E$9:$E$24,D32) -> 0 | I32: 野菜研 | J32: =SUMIF($C$9:$C$24,I32,$J$9:$J$24) -> 0 | K32: FAX | L32: =SUMIF($E$9:$E$24,K32,$J$9:$J$24) -> 0
B33: りんご研 | C33: =COUNTIF($C$9:$C$24,B33) -> 0 | D33: Web | E33: =COUNTIF($E$9:$E$24,D33) -> 0 | I33: りんご研 | J33: =SUMIF($C$9:$C$24,I33,$J$9:$J$24) -> 0 | K33: Web | L33: =SUMIF($E$9:$E$24,K33,$J$9:$J$24) -> 0
B34: 畜産研 | C34: =COUNTIF($C$9:$C$24,B34) -> 0 | D34: その他 | E34: =COUNTIF($E$9:$E$24,D34) -> 0 | I34: 畜産研 | J34: =SUMIF($C$9:$C$24,I34,$J$9:$J$24) -> 0 | K34: その他 | L34: =SUMIF($E$9:$E$24,K34,$J$9:$J$24) -> 0
B35: 林業研 | C35: =COUNTIF($C$9:$C$24,B35) -> 0 | I35: 林業研 | J35: =SUMIF($C$9:$C$24,I35,$J$9:$J$24) -> 0
B36: 水総研 | C36: =COUNTIF($C$9:$C$24,B36) -> 0 | I36: 水総研 | J36: =SUMIF($C$9:$C$24,I36,$J$9:$J$24) -> 0
B37: 内水研 | C37: =COUNTIF($C$9:$C$24,B37) -> 0 | I37: 内水研 | J37: =SUMIF($C$9:$C$24,I37,$J$9:$J$24) -> 0
B38: 食総研 | C38: =COUNTIF($C$9:$C$24,B38) -> 0 | I38: 食総研 | J38: =SUMIF($C$9:$C$24,I38,$J$9:$J$24) -> 0
B39: 下北研 | C39: =COUNTIF($C$9:$C$24,B39) -> 0 | I39: 下北研 | J39: =SUMIF($C$9:$C$24,I39,$J$9:$J$24) -> 0
B40: 農加研 | C40: =COUNTIF($C$9:$C$24,B40) -> 0 | I40: 農加研 | J40: =SUMIF($C$9:$C$24,I40,$J$9:$J$24) -> 0
B41: 計 | C41: =SUM(C28:C40) -> 0 | D41: 計 | E41: =SUM(E28:E40) -> 0 | I41: 計 | J41: =SUM(J28:J40) -> 0 | K41: 計 | L41: =SUM(L28:L40) -> 0

Sheet 12月
A2: 令和７年度 技術相談（指導）記録簿 | O2: （様式１）
A3: ※重要なもの、報告が必要と考えられるものについては、技術相談（指導）記録票に必要事項を記入し報告する。 | I3: 研究所名：
I4: 部 ・室名：
A6: No. | B6: 月日 | C6: 対応者 | E6: 対応方法 (プルダウンから選ぶ) | F6: 相手方名 | G6: 相手方 | H6: 相談内容 | I6: 対応内容 | J6: 応答 | K6: 記録票 | L6: 対応結果
L7: 解決 | O7: 未解決
C8: 研究所名 | D8: 職・氏名 | F8: （所属・氏名・電話） | G8: 所在地 | J8: 回数 | K8: の有無 | L8: センター | M8: 外部紹介 | N8: その他 | O8: 解決に向けた対応の内容
E25: =SUM(E9:E24) -> 0 | J25: =SUM(J9:J24) -> 0
B27: 相談件数 | I27: 応答回数
B28: 工総研 | C28: =COUNTIF($C$9:$C$24,B28) -> 0 | D28: 電話 | E28: =COUNTIF($E$9:$E$24,D28) -> 0 | I28: 工総研 | J28: =SUMIF($C$9:$C$24,I28,$J$9:$J$24) -> 0 | K28: 電話 | L28: =SUMIF($E$9:$E$24,K28,$J$9:$J$24) -> 0
B29: 弘工研 | C29: =COUNTIF($C$9:$C$24,B29) -> 0 | D29: メール | E29: =COUNTIF($E$9:$E$24,D29) -> 0 | I29: 弘工研 | J29: =SUMIF($C$9:$C$24,I29,$J$9:$J$24) -> 0 | K29: メール | L29: =SUMIF($E$9:$E$24,K29,$J$9:$J$24) -> 0
B30: 八工研 | C30: =COUNTIF($C$9:$C$24,B30) -> 0 | D30: 来所 | E30: =COUNTIF($E$9:$E$24,D30) -> 0 | I30: 八工研 | J30: =SUMIF($C$9:$C$24,I30,$J$9:$J$24) -> 0 | K30: 来所 | L30: =SUMIF($E$9:$E$24,K30,$J$9:$J$24) -> 0
B31: 農総研 | C31: =COUNTIF($C$9:$C$24,B31) -> 0 | D31: 現場 | E31: =COUNTIF($E$9:$E$24,D31) -> 0 | I31: 農総研 | J31: =SUMIF($C$9:$C$24,I31,$J$9:$J$24) -> 0 | K31: 現場 | L31: =SUMIF($E$9:$E$24,K31,$J$9:$J$24) -> 0
B32: 野菜研 | C32: =COUNTIF($C$9:$C$24,B32) -> 0 | D32: FAX | E32: =COUNTIF($E$9:$E$24,D32) -> 0 | I32: 野菜研 | J32: =SUMIF($C$9:$C$24,I32,$J$9:$J$24) -> 0 | K32: FAX | L32: =SUMIF($E$9:$E$24,K32,$J$9:$J$24) -> 0
B33: りんご研 | C33: =COUNTIF($C$9:$C$24,B33) -> 0 | D33: Web | E33: =COUNTIF($E$9:$E$24,D33) -> 0 | I33: りんご研 | J33: =SUMIF($C$9:$C$24,I33,$J$9:$J$24) -> 0 | K33: Web | L33: =SUMIF($E$9:$E$24,K33,$J$9:$J$24) -> 0
B34: 畜産研 | C34: =COUNTIF($C$9:$C$24,B34) -> 0 | D34: その他 | E34: =COUNTIF($E$9:$E$24,D34) -> 0 | I34: 畜産研 | J34: =SUMIF($C$9:$C$24,I34,$J$9:$J$24) -> 0 | K34: その他 | L34: =SUMIF($E$9:$E$24,K34,$J$9:$J$24) -> 0
B35: 林業研 | C35: =COUNTIF($C$9:$C$24,B35) -> 0 | I35: 林業研 | J35: =SUMIF($C$9:$C$24,I35,$J$9:$J$24) -> 0
B36: 水総研 | C36: =COUNTIF($C$9:$C$24,B36) -> 0 | I36: 水総研 | J36: =SUMIF($C$9:$C$24,I36,$J$9:$J$24) -> 0
B37: 内水研 | C37: =COUNTIF($C$9:$C$24,B37) -> 0 | I37: 内水研 | J37: =SUMIF($C$9:$C$24,I37,$J$9:$J$24) -> 0
B38: 食総研 | C38: =COUNTIF($C$9:$C$24,B38) -> 0 | I38: 食総研 | J38: =SUMIF($C$9:$C$24,I38,$J$9:$J$24) -> 0
B39: 下北研 | C39: =COUNTIF($C$9:$C$24,B39) -> 0 | I39: 下北研 | J39: =SUMIF($C$9:$C$24,I39,$J$9:$J$24) -> 0
B40: 農加研 | C40: =COUNTIF($C$9:$C$24,B40) -> 0 | I40: 農加研 | J40: =SUMIF($C$9:$C$24,I40,$J$9:$J$24) -> 0
B41: 計 | C41: =SUM(C28:C40) -> 0 | D41: 計 | E41: =SUM(E28:E40) -> 0 | I41: 計 | J41: =SUM(J28:J40) -> 0 | K41: 計 | L41: =SUM(L28:L40) -> 0

Sheet １月
A2: 令和７年度 技術相談（指導）記録簿 | O2: （様式１）
A3: ※重要なもの、報告が必要と考えられるものについては、技術相談（指導）記録票に必要事項を記入し報告する。 | I3: 研究所名：
I4: 部 ・室名：
A6: No. | B6: 月日 | C6: 対応者 | E6: 対応方法 (プルダウンから選ぶ) | F6: 相手方名 | G6: 相手方 | H6: 相談内容 | I6: 対応内容 | J6: 応答 | K6: 記録票 | L6: 対応結果
L7: 解決 | O7: 未解決
C8: 研究所名 | D8: 職・氏名 | F8: （所属・氏名・電話） | G8: 所在地 | J8: 回数 | K8: の有無 | L8: センター | M8: 外部紹介 | N8: その他 | O8: 解決に向けた対応の内容
E25: =SUM(E9:E24) -> 0 | J25: =SUM(J9:J24) -> 0
B27: 相談件数 | I27: 応答回数
B28: 工総研 | C28: =COUNTIF($C$9:$C$24,B28) -> 0 | D28: 電話 | E28: =COUNTIF($E$9:$E$24,D28) -> 0 | I28: 工総研 | J28: =SUMIF($C$9:$C$24,I28,$J$9:$J$24) -> 0 | K28: 電話 | L28: =SUMIF($E$9:$E$24,K28,$J$9:$J$24) -> 0
B29: 弘工研 | C29: =COUNTIF($C$9:$C$24,B29) -> 0 | D29: メール | E29: =COUNTIF($E$9:$E$24,D29) -> 0 | I29: 弘工研 | J29: =SUMIF($C$9:$C$24,I29,$J$9:$J$24) -> 0 | K29: メール | L29: =SUMIF($E$9:$E$24,K29,$J$9:$J$24) -> 0
B30: 八工研 | C30: =COUNTIF($C$9:$C$24,B30) -> 0 | D30: 来所 | E30: =COUNTIF($E$9:$E$24,D30) -> 0 | I30: 八工研 | J30: =SUMIF($C$9:$C$24,I30,$J$9:$J$24) -> 0 | K30: 来所 | L30: =SUMIF($E$9:$E$24,K30,$J$9:$J$24) -> 0
B31: 農総研 | C31: =COUNTIF($C$9:$C$24,B31) -> 0 | D31: 現場 | E31: =COUNTIF($E$9:$E$24,D31) -> 0 | I31: 農総研 | J31: =SUMIF($C$9:$C$24,I31,$J$9:$J$24) -> 0 | K31: 現場 | L31: =SUMIF($E$9:$E$24,K31,$J$9:$J$24) -> 0
B32: 野菜研 | C32: =COUNTIF($C$9:$C$24,B32) -> 0 | D32: FAX | E32: =COUNTIF($E$9:$E$24,D32) -> 0 | I32: 野菜研 | J32: =SUMIF($C$9:$C$24,I32,$J$9:$J$24) -> 0 | K32: FAX | L32: =SUMIF($E$9:$E$24,K32,$J$9:$J$24) -> 0
B33: りんご研 | C33: =COUNTIF($C$9:$C$24,B33) -> 0 | D33: Web | E33: =COUNTIF($E$9:$E$24,D33) -> 0 | I33: りんご研 | J33: =SUMIF($C$9:$C$24,I33,$J$9:$J$24) -> 0 | K33: Web | L33: =SUMIF($E$9:$E$24,K33,$J$9:$J$24) -> 0
B34: 畜産研 | C34: =COUNTIF($C$9:$C$24,B34) -> 0 | D34: その他 | E34: =COUNTIF($E$9:$E$24,D34) -> 0 | I34: 畜産研 | J34: =SUMIF($C$9:$C$24,I34,$J$9:$J$24) -> 0 | K34: その他 | L34: =SUMIF($E$9:$E$24,K34,$J$9:$J$24) -> 0
B35: 林業研 | C35: =COUNTIF($C$9:$C$24,B35) -> 0 | I35: 林業研 | J35: =SUMIF($C$9:$C$24,I35,$J$9:$J$24) -> 0
B36: 水総研 | C36: =COUNTIF($C$9:$C$24,B36) -> 0 | I36: 水総研 | J36: =SUMIF($C$9:$C$24,I36,$J$9:$J$24) -> 0
B37: 内水研 | C37: =COUNTIF($C$9:$C$24,B37) -> 0 | I37: 内水研 | J37: =SUMIF($C$9:$C$24,I37,$J$9:$J$24) -> 0
B38: 食総研 | C38: =COUNTIF($C$9:$C$24,B38) -> 0 | I38: 食総研 | J38: =SUMIF($C$9:$C$24,I38,$J$9:$J$24) -> 0
B39: 下北研 | C39: =COUNTIF($C$9:$C$24,B39) -> 0 | I39: 下北研 | J39: =SUMIF($C$9:$C$24,I39,$J$9:$J$24) -> 0
B40: 農加研 | C40: =COUNTIF($C$9:$C$24,B40) -> 0 | I40: 農加研 | J40: =SUMIF($C$9:$C$24,I40,$J$9:$J$24) -> 0
B41: 計 | C41: =SUM(C28:C40) -> 0 | D41: 計 | E41: =SUM(E28:E40) -> 0 | I41: 計 | J41: =SUM(J28:J40) -> 0 | K41: 計 | L41: =SUM(L28:L40) -> 0

Sheet ２月
A2: 令和７年度 技術相談（指導）記録簿 | O2: （様式１）
A3: ※重要なもの、報告が必要と考えられるものについては、技術相談（指導）記録票に必要事項を記入し報告する。 | I3: 研究所名：
I4: 部 ・室名：
A6: No. | B6: 月日 | C6: 対応者 | E6: 対応方法 (プルダウンから選ぶ) | F6: 相手方名 | G6: 相手方 | H6: 相談内容 | I6: 対応内容 | J6: 応答 | K6: 記録票 | L6: 対応結果
L7: 解決 | O7: 未解決
C8: 研究所名 | D8: 職・氏名 | F8: （所属・氏名・電話） | G8: 所在地 | J8: 回数 | K8: の有無 | L8: センター | M8: 外部紹介 | N8: その他 | O8: 解決に向けた対応の内容
E25: =SUM(E9:E24) -> 0 | J25: =SUM(J9:J24) -> 0
B27: 相談件数 | I27: 応答回数
B28: 工総研 | C28: =COUNTIF($C$9:$C$24,B28) -> 0 | D28: 電話 | E28: =COUNTIF($E$9:$E$24,D28) -> 0 | I28: 工総研 | J28: =SUMIF($C$9:$C$24,I28,$J$9:$J$24) -> 0 | K28: 電話 | L28: =SUMIF($E$9:$E$24,K28,$J$9:$J$24) -> 0
B29: 弘工研 | C29: =COUNTIF($C$9:$C$24,B29) -> 0 | D29: メール | E29: =COUNTIF($E$9:$E$24,D29) -> 0 | I29: 弘工研 | J29: =SUMIF($C$9:$C$24,I29,$J$9:$J$24) -> 0 | K29: メール | L29: =SUMIF($E$9:$E$24,K29,$J$9:$J$24) -> 0
B30: 八工研 | C30: =COUNTIF($C$9:$C$24,B30) -> 0 | D30: 来所 | E30: =COUNTIF($E$9:$E$24,D30) -> 0 | I30: 八工研 | J30: =SUMIF($C$9:$C$24,I30,$J$9:$J$24) -> 0 | K30: 来所 | L30: =SUMIF($E$9:$E$24,K30,$J$9:$J$24) -> 0
B31: 農総研 | C31: =COUNTIF($C$9:$C$24,B31) -> 0 | D31: 現場 | E31: =COUNTIF($E$9:$E$24,D31) -> 0 | I31: 農総研 | J31: =SUMIF($C$9:$C$24,I31,$J$9:$J$24) -> 0 | K31: 現場 | L31: =SUMIF($E$9:$E$24,K31,$J$9:$J$24) -> 0
B32: 野菜研 | C32: =COUNTIF($C$9:$C$24,B32) -> 0 | D32: FAX | E32: =COUNTIF($E$9:$E$24,D32) -> 0 | I32: 野菜研 | J32: =SUMIF($C$9:$C$24,I32,$J$9:$J$24) -> 0 | K32: FAX | L32: =SUMIF($E$9:$E$24,K32,$J$9:$J$24) -> 0
B33: りんご研 | C33: =COUNTIF($C$9:$C$24,B33) -> 0 | D33: Web | E33: =COUNTIF($E$9:$E$24,D33) -> 0 | I33: りんご研 | J33: =SUMIF($C$9:$C$24,I33,$J$9:$J$24) -> 0 | K33: Web | L33: =SUMIF($E$9:$E$24,K33,$J$9:$J$24) -> 0
B34: 畜産研 | C34: =COUNTIF($C$9:$C$24,B34) -> 0 | D34: その他 | E34: =COUNTIF($E$9:$E$24,D34) -> 0 | I34: 畜産研 | J34: =SUMIF($C$9:$C$24,I34,$J$9:$J$24) -> 0 | K34: その他 | L34: =SUMIF($E$9:$E$24,K34,$J$9:$J$24) -> 0
B35: 林業研 | C35: =COUNTIF($C$9:$C$24,B35) -> 0 | I35: 林業研 | J35: =SUMIF($C$9:$C$24,I35,$J$9:$J$24) -> 0
B36: 水総研 | C36: =COUNTIF($C$9:$C$24,B36) -> 0 | I36: 水総研 | J36: =SUMIF($C$9:$C$24,I36,$J$9:$J$24) -> 0
B37: 内水研 | C37: =COUNTIF($C$9:$C$24,B37) -> 0 | I37: 内水研 | J37: =SUMIF($C$9:$C$24,I37,$J$9:$J$24) -> 0
B38: 食総研 | C38: =COUNTIF($C$9:$C$24,B38) -> 0 | I38: 食総研 | J38: =SUMIF($C$9:$C$24,I38,$J$9:$J$24) -> 0
B39: 下北研 | C39: =COUNTIF($C$9:$C$24,B39) -> 0 | I39: 下北研 | J39: =SUMIF($C$9:$C$24,I39,$J$9:$J$24) -> 0
B40: 農加研 | C40: =COUNTIF($C$9:$C$24,B40) -> 0 | I40: 農加研 | J40: =SUMIF($C$9:$C$24,I40,$J$9:$J$24) -> 0
B41: 計 | C41: =SUM(C28:C40) -> 0 | D41: 計 | E41: =SUM(E28:E40) -> 0 | I41: 計 | J41: =SUM(J28:J40) -> 0 | K41: 計 | L41: =SUM(L28:L40) -> 0

Sheet ３月
A2: 令和７年度 技術相談（指導）記録簿 | O2: （様式１）
A3: ※重要なもの、報告が必要と考えられるものについては、技術相談（指導）記録票に必要事項を記入し報告する。 | I3: 研究所名：
I4: 部 ・室名：
A6: No. | B6: 月日 | C6: 対応者 | E6: 対応方法 (プルダウンから選ぶ) | F6: 相手方名 | G6: 相手方 | H6: 相談内容 | I6: 対応内容 | J6: 応答 | K6: 記録票 | L6: 対応結果
L7: 解決 | O7: 未解決
C8: 研究所名 | D8: 職・氏名 | F8: （所属・氏名・電話） | G8: 所在地 | J8: 回数 | K8: の有無 | L8: センター | M8: 外部紹介 | N8: その他 | O8: 解決に向けた対応の内容
E25: =SUM(E9:E24) -> 0 | J25: =SUM(J9:J24) -> 0
B27: 相談件数 | I27: 応答回数
B28: 工総研 | C28: =COUNTIF($C$9:$C$24,B28) -> 0 | D28: 電話 | E28: =COUNTIF($E$9:$E$24,D28) -> 0 | I28: 工総研 | J28: =SUMIF($C$9:$C$24,I28,$J$9:$J$24) -> 0 | K28: 電話 | L28: =SUMIF($E$9:$E$24,K28,$J$9:$J$24) -> 0
B29: 弘工研 | C29: =COUNTIF($C$9:$C$24,B29) -> 0 | D29: メール | E29: =COUNTIF($E$9:$E$24,D29) -> 0 | I29: 弘工研 | J29: =SUMIF($C$9:$C$24,I29,$J$9:$J$24) -> 0 | K29: メール | L29: =SUMIF($E$9:$E$24,K29,$J$9:$J$24) -> 0
B30: 八工研 | C30: =COUNTIF($C$9:$C$24,B30) -> 0 | D30: 来所 | E30: =COUNTIF($E$9:$E$24,D30) -> 0 | I30: 八工研 | J30: =SUMIF($C$9:$C$24,I30,$J$9:$J$24) -> 0 | K30: 来所 | L30: =SUMIF($E$9:$E$24,K30,$J$9:$J$24) -> 0
B31: 農総研 | C31: =COUNTIF($C$9:$C$24,B31) -> 0 | D31: 現場 | E31: =COUNTIF($E$9:$E$24,D31) -> 0 | I31: 農総研 | J31: =SUMIF($C$9:$C$24,I31,$J$9:$J$24) -> 0 | K31: 現場 | L31: =SUMIF($E$9:$E$24,K31,$J$9:$J$24) -> 0
B32: 野菜研 | C32: =COUNTIF($C$9:$C$24,B32) -> 0 | D32: FAX | E32: =COUNTIF($E$9:$E$24,D32) -> 0 | I32: 野菜研 | J32: =SUMIF($C$9:$C$24,I32,$J$9:$J$24) -> 0 | K32: FAX | L32: =SUMIF($E$9:$E$24,K32,$J$9:$J$24) -> 0
B33: りんご研 | C33: =COUNTIF($C$9:$C$24,B33) -> 0 | D33: Web | E33: =COUNTIF($E$9:$E$24,D33) -> 0 | I33: りんご研 | J33: =SUMIF($C$9:$C$24,I33,$J$9:$J$24) -> 0 | K33: Web | L33: =SUMIF($E$9:$E$24,K33,$J$9:$J$24) -> 0
B34: 畜産研 | C34: =COUNTIF($C$9:$C$24,B34) -> 0 | D34: その他 | E34: =COUNTIF($E$9:$E$24,D34) -> 0 | I34: 畜産研 | J34: =SUMIF($C$9:$C$24,I34,$J$9:$J$24) -> 0 | K34: その他 | L34: =SUMIF($E$9:$E$24,K34,$J$9:$J$24) -> 0
B35: 林業研 | C35: =COUNTIF($C$9:$C$24,B35) -> 0 | I35: 林業研 | J35: =SUMIF($C$9:$C$24,I35,$J$9:$J$24) -> 0
B36: 水総研 | C36: =COUNTIF($C$9:$C$24,B36) -> 0 | I36: 水総研 | J36: =SUMIF($C$9:$C$24,I36,$J$9:$J$24) -> 0
B37: 内水研 | C37: =COUNTIF($C$9:$C$24,B37) -> 0 | I37: 内水研 | J37: =SUMIF($C$9:$C$24,I37,$J$9:$J$24) -> 0
B38: 食総研 | C38: =COUNTIF($C$9:$C$24,B38) -> 0 | I38: 食総研 | J38: =SUMIF($C$9:$C$24,I38,$J$9:$J$24) -> 0
B39: 下北研 | C39: =COUNTIF($C$9:$C$24,B39) -> 0 | I39: 下北研 | J39: =SUMIF($C$9:$C$24,I39,$J$9:$J$24) -> 0
B40: 農加研 | C40: =COUNTIF($C$9:$C$24,B40) -> 0 | I40: 農加研 | J40: =SUMIF($C$9:$C$24,I40,$J$9:$J$24) -> 0
B41: 計 | C41: =SUM(C28:C40) -> 0 | D41: 計 | E41: =SUM(E28:E40) -> 0 | I41: 計 | J41: =SUM(J28:J40) -> 0 | K41: 計 | L41: =SUM(L28:L40) -> 0

Sheet 問合せ方法
A2: ●月
A4: <問合件数>
A5: 研究所 | B5: 問い合わせ方法
B6: 電話 | C6: メール | D6: 来所 | E6: 現場 | F6: ＦＡＸ | G6: WEB | H6: その他 | I6: 合計
A7: 工業部門 | I7: =SUM(B7:H7) -> 0
A8: 農林部門 | I8: =SUM(B8:H8) -> 0
A9: 水産部門 | I9: =SUM(B9:H9) -> 0
A10: 食品加工部門 | I10: =SUM(B10:H10) -> 0
A11: 計 | B11: =SUM(B7:B10) -> 0 | C11: =SUM(C7:C10) -> 0 | D11: =SUM(D7:D10) -> 0 | E11: =SUM(E7:E10) -> 0 | F11: =SUM(F7:F10) -> 0 | G11: =SUM(G7:G10) -> 0 | H11: =SUM(H7:H10) -> 0 | I11: =SUM(B11:H11) -> 0
B12: =B11/$I$11 -> #DIV/0! | C12: =C11/$I$11 -> #DIV/0! | D12: =D11/$I$11 -> #DIV/0! | E12: =E11/$I$11 -> #DIV/0! | F12: =F11/$I$11 -> #DIV/0! | G12: =G11/$I$11 -> #DIV/0! | H12: =H11/$I$11 -> #DIV/0!
A16: ＜応答回数＞
A17: 研究所 | B17: 問い合わせ方法
B18: 電話 | C18: メール | D18: 来所 | E18: 現場 | F18: ＦＡＸ | G18: WEB | H18: その他 | I18: 合計
A19: 工業部門 | I19: =SUM(B19:H19) -> 0
A20: 農林部門 | I20: =SUM(B20:H20) -> 0
A21: 水産部門 | I21: =SUM(B21:H21) -> 0
A22: 食品加工部門 | I22: =SUM(B22:H22) -> 0
A23: 計 | B23: =SUM(B19:B22) -> 0 | C23: =SUM(C19:C22) -> 0 | D23: =SUM(D19:D22) -> 0 | E23: =SUM(E19:E22) -> 0 | F23: =SUM(F19:F22) -> 0 | G23: =SUM(G19:G22) -> 0 | H23: =SUM(H19:H22) -> 0 | I23: =SUM(B23:H23) -> 0
B24: =B23/$I$23 -> #DIV/0! | C24: =C23/$I$23 -> #DIV/0! | D24: =D23/$I$23 -> #DIV/0! | E24: =E23/$I$23 -> #DIV/0! | F24: =F23/$I$23 -> #DIV/0! | G24: =G23/$I$23 -> #DIV/0! | H24: =H23/$I$23 -> #DIV/0!

Sheet 月別件数、回数
A2: 技術相談・指導等の件数 | P2: 技術相談・指導等の応答回数
A3: 研究所 | B3: 4月 | C3: 5月 | D3: 6月 | E3: 7月 | F3: 8月 | G3: 9月 | H3: 10月 | I3: 11月 | J3: 12月 | K3: 1月 | L3: 2月 | M3: 3月 | N3: 合計 | P3: 研究所 | Q3: 4月 | R3: 5月 | S3: 6月 | T3: 7月 | U3: 8月 | V3: 9月 | W3: 10月 | X3: 11月 | Y3: 12月 | Z3: 1月 | AA3: 2月 | AB3: 3月 | AC3: 合計
A4: 全体計 | B4: =B5+B9+B15+B18 -> 0 | C4: =C5+C9+C15+C18 -> 0 | D4: =D5+D9+D15+D18 -> 0 | E4: =E5+E9+E15+E18 -> 0 | F4: =F5+F9+F15+F18 -> 0 | G4: =G5+G9+G15+G18 -> 8 | H4: =H5+H9+H15+H18 -> 0 | I4: =I5+I9+I15+I18 -> 0 | ... N4: =N5+N9+N15+N18 -> 8 | P4: 全体計 | Q4: =Q5+Q9+Q15+Q18 -> 0 | R4: =R5+R9+R15+R18 -> 0 | S4: =S5+S9+S15+S18 -> 0 | T4: =T5+T9+T15+T18 -> 0 | U4: =U5+U9+U15+U18 -> 0 | V4: =V5+V9+V15+V18 -> 8 | W4: =W5+W9+W15+W18 -> 0 | X4: =X5+X9+X15+X18 -> 0 | ... AC4: =AC5+AC9+AC15+AC18 -> 8
A5: 工業部門 | B5: =SUM(B6:B8) -> 0 | C5: =SUM(C6:C8) -> 0 | D5: =SUM(D6:D8) -> 0 | E5: =SUM(E6:E8) -> 0 | F5: =SUM(F6:F8) -> 0 | G5: =SUM(G6:G8) -> 0 | H5: =SUM(H6:H8) -> 0 | I5: =SUM(I6:I8) -> 0 | ... N5: =SUM(N6:N8) -> 0 | P5: 工業部門 | Q5: =SUM(Q6:Q8) -> 0 | R5: =SUM(R6:R8) -> 0 | S5: =SUM(S6:S8) -> 0 | T5: =SUM(T6:T8) -> 0 | U5: =SUM(U6:U8) -> 0 | V5: =SUM(V6:V8) -> 0 | W5: =SUM(W6:W8) -> 0 | X5: =SUM(X6:X8) -> 0 | ... AC5: =SUM(AC6:AC8) -> 0
A6: 工業総合研究所 | B6: ='４月'!C27 -> 0 | C6: ='５月'!C24 -> 0 | D6: ='６月'!C25 -> 0 | E6: ='７月'!C28 -> 0 | F6: ='８月'!C28 -> 0 | G6: ='９月'!C28 -> 0 | H6: ='10月'!C28 -> 0 | I6: ='11月'!C28 -> 0 | J6: ='12月'!C28 -> 0 | K6: ='１月'!C28 -> 0 | L6: ='２月'!C28 -> 0 | M6: ='３月'!C28 -> 0 | N6: =SUM(B6:M6) -> 0 | P6: 工業総合研究所 | Q6: ='４月'!J27 -> 0 | R6: ='５月'!J24 -> 0 | S6: ='６月'!J25 -> 0 | T6: ='７月'!J28 -> 0 | U6: ='８月'!J28 -> 0 | V6: ='９月'!J28 -> 0 | W6: ='10月'!J28 -> 0 | X6: ='11月'!J28 -> 0 | Y6: ='12月'!J28 -> 0 | Z6: ='１月'!J28 -> 0 | AA6: ='２月'!J28 -> 0 | AB6: ='３月'!J28 -> 0 | AC6: =SUM(Q6:AB6) -> 0
A7: 弘前工業研究所 | B7: ='４月'!C28 -> 0 | C7: ='５月'!C25 -> 0 | D7: ='６月'!C26 -> 0 | E7: ='７月'!C29 -> 0 | F7: ='８月'!C29 -> 0 | G7: ='９月'!C29 -> 0 | H7: ='10月'!C29 -> 0 | I7: ='11月'!C29 -> 0 | J7: ='12月'!C29 -> 0 | K7: ='１月'!C29 -> 0 | L7: ='２月'!C29 -> 0 | M7: ='３月'!C29 -> 0 | N7: =SUM(B7:M7) -> 0 | P7: 弘前工業研究所 | Q7: ='４月'!J28 -> 0 | R7: ='５月'!J25 -> 0 | S7: ='６月'!J26 -> 0 | T7: ='７月'!J29 -> 0 | U7: ='８月'!J29 -> 0 | V7: ='９月'!J29 -> 0 | W7: ='10月'!J29 -> 0 | X7: ='11月'!J29 -> 0 | Y7: ='12月'!J29 -> 0 | Z7: ='１月'!J29 -> 0 | AA7: ='２月'!J29 -> 0 | AB7: ='３月'!J29 -> 0 | AC7: =SUM(Q7:AB7) -> 0
A8: 八戸工業研究所 | B8: ='４月'!C29 -> 0 | C8: ='５月'!C26 -> 0 | D8: ='６月'!C27 -> 0 | E8: ='７月'!C30 -> 0 | F8: ='８月'!C30 -> 0 | G8: ='９月'!C30 -> 0 | H8: ='10月'!C30 -> 0 | I8: ='11月'!C30 -> 0 | J8: ='12月'!C30 -> 0 | K8: ='１月'!C30 -> 0 | L8: ='２月'!C30 -> 0 | M8: ='３月'!C30 -> 0 | N8: =SUM(B8:M8) -> 0 | P8: 八戸工業研究所 | Q8: ='４月'!J29 -> 0 | R8: ='５月'!J26 -> 0 | S8: ='６月'!J27 -> 0 | T8: ='７月'!J30 -> 0 | U8: ='８月'!J30 -> 0 | V8: ='９月'!J30 -> 0 | W8: ='10月'!J30 -> 0 | X8: ='11月'!J30 -> 0 | Y8: ='12月'!J30 -> 0 | Z8: ='１月'!J30 -> 0 | AA8: ='２月'!J30 -> 0 | AB8: ='３月'!J30 -> 0 | AC8: =SUM(Q8:AB8) -> 0
A9: 農林部門 | B9: =SUM(B10:B14) -> 0 | C9: =SUM(C10:C14) -> 0 | D9: =SUM(D10:D14) -> 0 | E9: =SUM(E10:E14) -> 0 | F9: =SUM(F10:F14) -> 0 | G9: =SUM(G10:G14) -> 0 | H9: =SUM(H10:H14) -> 0 | I9: =SUM(I10:I14) -> 0 | ... N9: =SUM(N10:N14) -> 0 | P9: 農林部門 | Q9: =SUM(Q10:Q14) -> 0 | R9: =SUM(R10:R14) -> 0 | S9: =SUM(S10:S14) -> 0 | T9: =SUM(T10:T14) -> 0 | U9: =SUM(U10:U14) -> 0 | V9: =SUM(V10:V14) -> 0 | W9: =SUM(W10:W14) -> 0 | X9: =SUM(X10:X14) -> 0 | ... AC9: =SUM(AC10:AC14) -> 0
A10: 農林総合研究所 | B10: ='４月'!C30 -> 0 | C10: ='５月'!C27 -> 0 | D10: ='６月'!C28 -> 0 | E10: ='７月'!C31 -> 0 | F10: ='８月'!C31 -> 0 | G10: ='９月'!C31 -> 0 | H10: ='10月'!C31 -> 0 | I10: ='11月'!C31 -> 0 | J10: ='12月'!C31 -> 0 | K10: ='１月'!C31 -> 0 | L10: ='２月'!C31 -> 0 | M10: ='３月'!C31 -> 0 | N10: =SUM(B10:M10) -> 0 | P10: 農林総合研究所 | Q10: ='４月'!J30 -> 0 | R10: ='５月'!J27 -> 0 | S10: ='６月'!J28 -> 0 | T10: ='７月'!J31 -> 0 | U10: ='８月'!J31 -> 0 | V10: ='９月'!J31 -> 0 | W10: ='10月'!J31 -> 0 | X10: ='11月'!J31 -> 0 | Y10: ='12月'!J31 -> 0 | Z10: ='１月'!J31 -> 0 | AA10: ='２月'!J31 -> 0 | AB10: ='３月'!J31 -> 0 | AC10: =SUM(Q10:AB10) -> 0
A11: 野菜研究所 | B11: ='４月'!C31 -> 0 | C11: ='５月'!C28 -> 0 | D11: ='６月'!C29 -> 0 | E11: ='７月'!C32 -> 0 | F11: ='８月'!C32 -> 0 | G11: ='９月'!C32 -> 0 | H11: ='10月'!C32 -> 0 | I11: ='11月'!C32 -> 0 | J11: ='12月'!C32 -> 0 | K11: ='１月'!C32 -> 0 | L11: ='２月'!C32 -> 0 | M11: ='３月'!C32 -> 0 | N11: =SUM(B11:M11) -> 0 | P11: 野菜研究所 | Q11: ='４月'!J31 -> 0 | R11: ='５月'!J28 -> 0 | S11: ='６月'!J29 -> 0 | T11: ='７月'!J32 -> 0 | U11: ='８月'!J32 -> 0 | V11: ='９月'!J32 -> 0 | W11: ='10月'!J32 -> 0 | X11: ='11月'!J32 -> 0 | Y11: ='12月'!J32 -> 0 | Z11: ='１月'!J32 -> 0 | AA11: ='２月'!J32 -> 0 | AB11: ='３月'!J32 -> 0 | AC11: =SUM(Q11:AB11) -> 0
A12: りんご研究所 | B12: ='４月'!C32 -> 0 | C12: ='５月'!C29 -> 0 | D12: ='６月'!C30 -> 0 | E12: ='７月'!C33 -> 0 | F12: ='８月'!C33 -> 0 | G12: ='９月'!C33 -> 0 | H12: ='10月'!C33 -> 0 | I12: ='11月'!C33 -> 0 | J12: ='12月'!C33 -> 0 | K12: ='１月'!C33 -> 0 | L12: ='２月'!C33 -> 0 | M12: ='３月'!C33 -> 0 | N12: =SUM(B12:M12) -> 0 | P12: りんご研究所 | Q12: ='４月'!J32 -> 0 | R12: ='５月'!J29 -> 0 | S12: ='６月'!J30 -> 0 | T12: ='７月'!J33 -> 0 | U12: ='８月'!J33 -> 0 | V12: ='９月'!J33 -> 0 | W12: ='10月'!J33 -> 0 | X12: ='11月'!J33 -> 0 | Y12: ='12月'!J33 -> 0 | Z12: ='１月'!J33 -> 0 | AA12: ='２月'!J33 -> 0 | AB12: ='３月'!J33 -> 0 | AC12: =SUM(Q12:AB12) -> 0
A13: 畜産研究所 | B13: ='４月'!C33 -> 0 | C13: ='５月'!C30 -> 0 | D13: ='６月'!C31 -> 0 | E13: ='７月'!C34 -> 0 | F13: ='８月'!C34 -> 0 | G13: ='９月'!C34 -> 0 | H13: ='10月'!C34 -> 0 | I13: ='11月'!C34 -> 0 | J13: ='12月'!C34 -> 0 | K13: ='１月'!C34 -> 0 | L13: ='２月'!C34 -> 0 | M13: ='３月'!C34 -> 0 | N13: =SUM(B13:M13) -> 0 | P13: 畜産研究所 | Q13: ='４月'!J33 -> 0 | R13: ='５月'!J30 -> 0 | S13: ='６月'!J31 -> 0 | T13: ='７月'!J34 -> 0 | U13: ='８月'!J34 -> 0 | V13: ='９月'!J34 -> 0 | W13: ='10月'!J34 -> 0 | X13: ='11月'!J34 -> 0 | Y13: ='12月'!J34 -> 0 | Z13: ='１月'!J34 -> 0 | AA13: ='２月'!J34 -> 0 | AB13: ='３月'!J34 -> 0 | AC13: =SUM(Q13:AB13) -> 0
A14: 林業研究所 | B14: ='４月'!C34 -> 0 | C14: ='５月'!C31 -> 0 | D14: ='６月'!C32 -> 0 | E14: ='７月'!C35 -> 0 | F14: ='８月'!C35 -> 0 | G14: ='９月'!C35 -> 0 | H14: ='10月'!C35 -> 0 | I14: ='11月'!C35 -> 0 | J14: ='12月'!C35 -> 0 | K14: ='１月'!C35 -> 0 | L14: ='２月'!C35 -> 0 | M14: ='３月'!C35 -> 0 | N14: =SUM(B14:M14) -> 0 | P14: 林業研究所 | Q14: ='４月'!J34 -> 0 | R14: ='５月'!J31 -> 0 | S14: ='６月'!J32 -> 0 | T14: ='７月'!J35 -> 0 | U14: ='８月'!J35 -> 0 | V14: ='９月'!J35 -> 0 | W14: ='10月'!J35 -> 0 | X14: ='11月'!J35 -> 0 | Y14: ='12月'!J35 -> 0 | Z14: ='１月'!J35 -> 0 | AA14: ='２月'!J35 -> 0 | AB14: ='３月'!J35 -> 0 | AC14: =SUM(Q14:AB14) -> 0
A15: 水産部門 | B15: =SUM(B16:B17) -> 0 | C15: =SUM(C16:C17) -> 0 | D15: =SUM(D16:D17) -> 0 | E15: =SUM(E16:E17) -> 0 | F15: =SUM(F16:F17) -> 0 | G15: =SUM(G16:G17) -> 0 | H15: =SUM(H16:H17) -> 0 | I15: =SUM(I16:I17) -> 0 | ... N15: =SUM(N16:N17) -> 0 | P15: 水産部門 | Q15: =SUM(Q16:Q17) -> 0 | R15: =SUM(R16:R17) -> 0 | S15: =SUM(S16:S17) -> 0 | T15: =SUM(T16:T17) -> 0 | U15: =SUM(U16:U17) -> 0 | V15: =SUM(V16:V17) -> 0 | W15: =SUM(W16:W17) -> 0 | X15: =SUM(X16:X17) -> 0 | ... AC15: =SUM(AC16:AC17) -> 0
A16: 水産総合研究所 | B16: ='４月'!C35 -> 0 | C16: ='５月'!C32 -> 0 | D16: ='６月'!C33 -> 0 | E16: ='７月'!C36 -> 0 | F16: ='８月'!C36 -> 0 | G16: ='９月'!C36 -> 0 | H16: ='10月'!C36 -> 0 | I16: ='11月'!C36 -> 0 | J16: ='12月'!C36 -> 0 | K16: ='１月'!C36 -> 0 | L16: ='２月'!C36 -> 0 | M16: ='３月'!C36 -> 0 | N16: =SUM(B16:M16) -> 0 | P16: 水産総合研究所 | Q16: ='４月'!J35 -> 0 | R16: ='５月'!J32 -> 0 | S16: ='６月'!J33 -> 0 | T16: ='７月'!J36 -> 0 | U16: ='８月'!J36 -> 0 | V16: ='９月'!J36 -> 0 | W16: ='10月'!J36 -> 0 | X16: ='11月'!J36 -> 0 | Y16: ='12月'!J36 -> 0 | Z16: ='１月'!J36 -> 0 | AA16: ='２月'!J36 -> 0 | AB16: ='３月'!J36 -> 0 | AC16: =SUM(Q16:AB16) -> 0
A17: 内水面研究所 | B17: ='４月'!C36 -> 0 | C17: ='５月'!C33 -> 0 | D17: ='６月'!C34 -> 0 | E17: ='７月'!C37 -> 0 | F17: ='８月'!C37 -> 0 | G17: ='９月'!C37 -> 0 | H17: ='10月'!C37 -> 0 | I17: ='11月'!C37 -> 0 | J17: ='12月'!C37 -> 0 | K17: ='１月'!C37 -> 0 | L17: ='２月'!C37 -> 0 | M17: ='３月'!C37 -> 0 | N17: =SUM(B17:M17) -> 0 | P17: 内水面研究所 | Q17: ='４月'!J36 -> 0 | R17: ='５月'!J33 -> 0 | S17: ='６月'!J34 -> 0 | T17: ='７月'!J37 -> 0 | U17: ='８月'!J37 -> 0 | V17: ='９月'!J37 -> 0 | W17: ='10月'!J37 -> 0 | X17: ='11月'!J37 -> 0 | Y17: ='12月'!J37 -> 0 | Z17: ='１月'!J37 -> 0 | AA17: ='２月'!J37 -> 0 | AB17: ='３月'!J37 -> 0 | AC17: =SUM(Q17:AB17) -> 0
A18: 食品加工部門 | B18: =SUM(B19:B21) -> 0 | C18: =SUM(C19:C21) -> 0 | D18: =SUM(D19:D21) -> 0 | E18: =SUM(E19:E21) -> 0 | F18: =SUM(F19:F21) -> 0 | G18: =SUM(G19:G21) -> 8 | H18: =SUM(H19:H21) -> 0 | I18: =SUM(I19:I21) -> 0 | ... N18: =SUM(N19:N21) -> 8 | P18: 食品加工部門 | Q18: =SUM(Q19:Q21) -> 0 | R18: =SUM(R19:R21) -> 0 | S18: =SUM(S19:S21) -> 0 | T18: =SUM(T19:T21) -> 0 | U18: =SUM(U19:U21) -> 0 | V18: =SUM(V19:V21) -> 8 | W18: =SUM(W19:W21) -> 0 | X18: =SUM(X19:X21) -> 0 | ... AC18: =SUM(AC19:AC21) -> 8
A19: 食品総合研究所 | B19: ='４月'!C37 -> 0 | C19: ='５月'!C34 -> 0 | D19: ='６月'!C35 -> 0 | E19: ='７月'!C38 -> 0 | F19: ='８月'!C38 -> 0 | G19: ='９月'!C38 -> 0 | H19: ='10月'!C38 -> 0 | I19: ='11月'!C38 -> 0 | J19: ='12月'!C38 -> 0 | K19: ='１月'!C38 -> 0 | L19: ='２月'!C38 -> 0 | M19: ='３月'!C38 -> 0 | N19: =SUM(B19:M19) -> 0 | P19: 食品総合研究所 | Q19: ='４月'!J37 -> 0 | R19: ='５月'!J34 -> 0 | S19: ='６月'!J35 -> 0 | T19: ='７月'!J38 -> 0 | U19: ='８月'!J38 -> 0 | V19: ='９月'!J38 -> 0 | W19: ='10月'!J38 -> 0 | X19: ='11月'!J38 -> 0 | Y19: ='12月'!J38 -> 0 | Z19: ='１月'!J38 -> 0 | AA19: ='２月'!J38 -> 0 | AB19: ='３月'!J38 -> 0 | AC19: =SUM(Q19:AB19) -> 0
A20: 下北ブランド研究所 | B20: ='４月'!C38 -> 0 | C20: ='５月'!C35 -> 0 | D20: ='６月'!C36 -> 0 | E20: ='７月'!C39 -> 0 | F20: ='８月'!C39 -> 0 | G20: ='９月'!C39 -> 8 | H20: ='10月'!C39 -> 0 | I20: ='11月'!C39 -> 0 | J20: ='12月'!C39 -> 0 | K20: ='１月'!C39 -> 0 | L20: ='２月'!C39 -> 0 | M20: ='３月'!C39 -> 0 | N20: =SUM(B20:M20) -> 8 | P20: 下北ブランド研究所 | Q20: ='４月'!J38 -> 0 | R20: ='５月'!J35 -> 0 | S20: ='６月'!J36 -> 0 | T20: ='７月'!J39 -> 0 | U20: ='８月'!J39 -> 0 | V20: ='９月'!J39 -> 8 | W20: ='10月'!J39 -> 0 | X20: ='11月'!J39 -> 0 | Y20: ='12月'!J39 -> 0 | Z20: ='１月'!J39 -> 0 | AA20: ='２月'!J39 -> 0 | AB20: ='３月'!J39 -> 0 | AC20: =SUM(Q20:AB20) -> 8
A21: 農産物加工研究所 | B21: ='４月'!C39 -> 0 | C21: ='５月'!C36 -> 0 | D21: ='６月'!C37 -> 0 | E21: ='７月'!C40 -> 0 | F21: ='８月'!C40 -> 0 | G21: ='９月'!C40 -> 0 | H21: ='10月'!C40 -> 0 | I21: ='11月'!C40 -> 0 | J21: ='12月'!C40 -> 0 | K21: ='１月'!C40 -> 0 | L21: ='２月'!C40 -> 0 | M21: ='３月'!C40 -> 0 | N21: =SUM(B21:M21) -> 0 | P21: 農産物加工研究所 | Q21: ='４月'!J39 -> 0 | R21: ='５月'!J36 -> 0 | S21: ='６月'!J37 -> 0 | T21: ='７月'!J40 -> 0 | U21: ='８月'!J40 -> 0 | V21: ='９月'!J40 -> 0 | W21: ='10月'!J40 -> 0 | X21: ='11月'!J40 -> 0 | Y21: ='12月'!J40 -> 0 | Z21: ='１月'!J40 -> 0 | AA21: ='２月'!J40 -> 0 | AB21: ='３月'!J40 -> 0 | AC21: =SUM(Q21:AB21) -> 0
